Insert into RESADMIN.EMPLEADOS (ID_EMPLEADO, DNI, USERNAME, TIPO) values ('E001','012345678', 'RESADMIN','Jefe');

Insert into RESADMIN.CONSUMIBLES (ID_CONSUMIBLE,NOMBRE,PRECIO,TIPO) values ('B02','limon',null,'Bebida');
Insert into RESADMIN.CONSUMIBLES (ID_CONSUMIBLE,NOMBRE,PRECIO,TIPO) values ('B04','coca-cola',null,'Bebida');
Insert into RESADMIN.CONSUMIBLES (ID_CONSUMIBLE,NOMBRE,PRECIO,TIPO) values ('B05','cafe',null,'Bebida');
Insert into RESADMIN.CONSUMIBLES (ID_CONSUMIBLE,NOMBRE,PRECIO,TIPO) values ('B06','vodka',null,'Bebida');
Insert into RESADMIN.CONSUMIBLES (ID_CONSUMIBLE,NOMBRE,PRECIO,TIPO) values ('B07','cerveza',null,'Bebida');
Insert into RESADMIN.CONSUMIBLES (ID_CONSUMIBLE,NOMBRE,PRECIO,TIPO) values ('B08','cerveza sin alcohol',null,'Bebida');
Insert into RESADMIN.CONSUMIBLES (ID_CONSUMIBLE,NOMBRE,PRECIO,TIPO) values ('B09','agua',null,'Bebida');
Insert into RESADMIN.CONSUMIBLES (ID_CONSUMIBLE,NOMBRE,PRECIO,TIPO) values ('B12','leche',null,'Bebida');
Insert into RESADMIN.CONSUMIBLES (ID_CONSUMIBLE,NOMBRE,PRECIO,TIPO) values ('P01','Albondigas','2','Plato');
Insert into RESADMIN.CONSUMIBLES (ID_CONSUMIBLE,NOMBRE,PRECIO,TIPO) values ('P02','Filete Ternera','3','Plato');
Insert into RESADMIN.CONSUMIBLES (ID_CONSUMIBLE,NOMBRE,PRECIO,TIPO) values ('P03','Tortilla de patatas','3','Plato');
Insert into RESADMIN.CONSUMIBLES (ID_CONSUMIBLE,NOMBRE,PRECIO,TIPO) values ('P04','Paella','12','Plato');
Insert into RESADMIN.CONSUMIBLES (ID_CONSUMIBLE,NOMBRE,PRECIO,TIPO) values ('M01','Extraordinario','200','Menu');
Insert into RESADMIN.CONSUMIBLES (ID_CONSUMIBLE,NOMBRE,PRECIO,TIPO) values ('M02','Del Dia','12','Menu');
Insert into RESADMIN.CONSUMIBLES (ID_CONSUMIBLE,NOMBRE,PRECIO,TIPO) values ('M03','Especial','20','Menu');
Insert into RESADMIN.CONSUMIBLES (ID_CONSUMIBLE,NOMBRE,PRECIO,TIPO) values ('B01','naranja',null,'Bebida');

Insert into RESADMIN.BEBIDAS (ID_BEBIDA,ALMACENADO) values ('B02','0');
Insert into RESADMIN.BEBIDAS (ID_BEBIDA,ALMACENADO) values ('B04','0');
Insert into RESADMIN.BEBIDAS (ID_BEBIDA,ALMACENADO) values ('B05','0');
Insert into RESADMIN.BEBIDAS (ID_BEBIDA,ALMACENADO) values ('B06','0');
Insert into RESADMIN.BEBIDAS (ID_BEBIDA,ALMACENADO) values ('B07','0');
Insert into RESADMIN.BEBIDAS (ID_BEBIDA,ALMACENADO) values ('B08','0');
Insert into RESADMIN.BEBIDAS (ID_BEBIDA,ALMACENADO) values ('B09','0');
Insert into RESADMIN.BEBIDAS (ID_BEBIDA,ALMACENADO) values ('B12','0');
Insert into RESADMIN.BEBIDAS (ID_BEBIDA,ALMACENADO) values ('B01','0');

Insert into RESADMIN.INGREDIENTES (ID_INGREDIENTE,NOMBRE,ALMACENADO) values ('I01','tomate','23');
Insert into RESADMIN.INGREDIENTES (ID_INGREDIENTE,NOMBRE,ALMACENADO) values ('I03','bacon','27');
Insert into RESADMIN.INGREDIENTES (ID_INGREDIENTE,NOMBRE,ALMACENADO) values ('I05','ajo','10');
Insert into RESADMIN.INGREDIENTES (ID_INGREDIENTE,NOMBRE,ALMACENADO) values ('I06','huevos','32');
Insert into RESADMIN.INGREDIENTES (ID_INGREDIENTE,NOMBRE,ALMACENADO) values ('I07','carne ternera','25');

Insert into RESADMIN.MENUS (ID_MENU) values ('M01');
Insert into RESADMIN.MENUS (ID_MENU) values ('M02');
Insert into RESADMIN.MENUS (ID_MENU) values ('M03');

Insert into RESADMIN.MENUS_CONSUMIBLES (ID_MENU,ID_CONSUMIBLE,CANTIDAD) values ('M01','B01','1');
Insert into RESADMIN.MENUS_CONSUMIBLES (ID_MENU,ID_CONSUMIBLE,CANTIDAD) values ('M01','P01','1');
Insert into RESADMIN.MENUS_CONSUMIBLES (ID_MENU,ID_CONSUMIBLE,CANTIDAD) values ('M01','P02','1');
Insert into RESADMIN.MENUS_CONSUMIBLES (ID_MENU,ID_CONSUMIBLE,CANTIDAD) values ('M01','P03','1');
Insert into RESADMIN.MENUS_CONSUMIBLES (ID_MENU,ID_CONSUMIBLE,CANTIDAD) values ('M02','P01','3');
Insert into RESADMIN.MENUS_CONSUMIBLES (ID_MENU,ID_CONSUMIBLE,CANTIDAD) values ('M02','P02','2');
Insert into RESADMIN.MENUS_CONSUMIBLES (ID_MENU,ID_CONSUMIBLE,CANTIDAD) values ('M02','B02','1');

Insert into RESADMIN.PEDIDOS (ID_PEDIDO,MESA,FECHA_CREACION,ESTADO,ID_CAMARERO,ID_COCINERO,PRECIO) values ('P1','5',null,'cancelado',null,null,'0');
Insert into RESADMIN.PEDIDOS (ID_PEDIDO,MESA,FECHA_CREACION,ESTADO,ID_CAMARERO,ID_COCINERO,PRECIO) values ('P2','2',null,'en_espera',null,null,'0');

Insert into RESADMIN.PEDIDOS_CONSUMIBLES (ID_PEDIDO,ID_CONSUMIBLE,CANTIDAD) values ('P1','B08','1');
Insert into RESADMIN.PEDIDOS_CONSUMIBLES (ID_PEDIDO,ID_CONSUMIBLE,CANTIDAD) values ('P2','B06','1');
Insert into RESADMIN.PEDIDOS_CONSUMIBLES (ID_PEDIDO,ID_CONSUMIBLE,CANTIDAD) values ('P2','B07','1');
Insert into RESADMIN.PEDIDOS_CONSUMIBLES (ID_PEDIDO,ID_CONSUMIBLE,CANTIDAD) values ('P2','B09','1');
Insert into RESADMIN.PEDIDOS_CONSUMIBLES (ID_PEDIDO,ID_CONSUMIBLE,CANTIDAD) values ('P1','B05','1');

Insert into RESADMIN.PLATO_INGREDIENTES (ID_PLATO,ID_INGREDIENTE,CANTIDAD) values ('P01','I01','1');
Insert into RESADMIN.PLATO_INGREDIENTES (ID_PLATO,ID_INGREDIENTE,CANTIDAD) values ('P01','I03','2');
Insert into RESADMIN.PLATO_INGREDIENTES (ID_PLATO,ID_INGREDIENTE,CANTIDAD) values ('P01','I05','3');
Insert into RESADMIN.PLATO_INGREDIENTES (ID_PLATO,ID_INGREDIENTE,CANTIDAD) values ('P02','I06','4');
Insert into RESADMIN.PLATO_INGREDIENTES (ID_PLATO,ID_INGREDIENTE,CANTIDAD) values ('P03','I07','3');

Insert into RESADMIN.PLATOS (ID_PLATO) values ('P01');
Insert into RESADMIN.PLATOS (ID_PLATO) values ('P02');
Insert into RESADMIN.PLATOS (ID_PLATO) values ('P03');
Insert into RESADMIN.PLATOS (ID_PLATO) values ('P04');



